{"stats":{"minecraft:custom":{"minecraft:time_since_rest":3333,"minecraft:sprint_one_cm":29085,"minecraft:damage_taken":5731,"minecraft:walk_one_cm":93234,"minecraft:mob_kills":9,"minecraft:drop":33,"minecraft:damage_dealt":30,"minecraft:player_kills":2,"minecraft:fly_one_cm":694865,"minecraft:play_time":109920,"minecraft:crouch_one_cm":8863,"minecraft:deaths":5,"minecraft:sneak_time":4315,"minecraft:walk_under_water_one_cm":10336,"minecraft:jump":422,"minecraft:leave_game":1,"minecraft:time_since_death":3305,"minecraft:walk_on_water_one_cm":276,"minecraft:total_world_time":109920,"minecraft:climb_one_cm":2985,"minecraft:fall_one_cm":9519},"minecraft:dropped":{"minecraft:milk_bucket":1,"minecraft:diamond_chestplate":2,"minecraft:experience_bottle":64,"minecraft:netherite_boots":1,"minecraft:diamond_leggings":2,"minecraft:netherite_chestplate":1,"minecraft:netherite_helmet":1,"minecraft:diamond_helmet":2,"minecraft:rotten_flesh":6,"tacz:modern_kinetic_gun":3,"tacz:ammo":276,"minecraft:diamond_boots":2,"minecraft:arrow":4,"minecraft:string":6,"tacz:gun_smith_table":1,"minecraft:netherite_leggings":1},"minecraft:picked_up":{"minecraft:string":6,"tacz:ammo":2337,"minecraft:diamond_chestplate":1,"minecraft:arrow":6,"minecraft:rotten_flesh":6,"minecraft:diamond_leggings":1,"tacz:modern_kinetic_gun":11,"minecraft:diamond_boots":1,"minecraft:diamond_helmet":1,"minecraft:cobblestone":12},"minecraft:killed":{"minecraft:skeleton":1,"minecraft:zombie":4,"minecraft:zombie_villager":1,"minecraft:spider":1,"minecraft:slime":1,"minecraft:creeper":1},"minecraft:used":{"minecraft:black_terracotta":15,"minecraft:diamond_boots":1,"minecraft:netherite_chestplate":1,"tacz:gun_smith_table":1,"minecraft:netherite_boots":1,"minecraft:diamond_chestplate":1,"minecraft:cobblestone":12,"minecraft:netherite_leggings":1,"minecraft:netherite_helmet":1,"minecraft:diamond_helmet":1,"minecraft:diamond_leggings":1,"minecraft:milk_bucket":2,"minecraft:experience_bottle":200},"minecraft:killed_by":{"minecraft:player":3}},"DataVersion":3465}