{"stats":{"minecraft:custom":{"minecraft:time_since_rest":589,"minecraft:sprint_one_cm":35016,"minecraft:damage_taken":4904,"minecraft:walk_one_cm":132979,"minecraft:mob_kills":9,"minecraft:drop":38,"minecraft:damage_dealt":7,"minecraft:fly_one_cm":806380,"minecraft:player_kills":3,"minecraft:crouch_one_cm":7029,"minecraft:play_time":116579,"minecraft:deaths":3,"minecraft:sneak_time":5248,"minecraft:jump":555,"minecraft:leave_game":1,"minecraft:time_since_death":484,"minecraft:total_world_time":116579,"minecraft:climb_one_cm":6802,"minecraft:fall_one_cm":10020},"minecraft:mined":{"minecraft:grass_block":2},"minecraft:dropped":{"minecraft:iron_sword":1,"minecraft:milk_bucket":1,"minecraft:cooked_beef":1,"minecraft:diamond_chestplate":2,"minecraft:netherite_sword":1,"minecraft:diamond_leggings":1,"minecraft:netherite_boots":1,"minecraft:stone_shovel":1,"minecraft:diamond_helmet":2,"minecraft:spruce_wood":1,"minecraft:cobblestone":7,"tacz:ammo":482,"tacz:modern_kinetic_gun":5,"minecraft:diamond_boots":2,"minecraft:golden_shovel":2,"minecraft:string":1,"tacz:attachment":1},"minecraft:picked_up":{"minecraft:netherite_boots":1,"minecraft:string":1,"tacz:ammo":240,"minecraft:rotten_flesh":2,"minecraft:bone":1,"minecraft:diamond_chestplate":1,"minecraft:slime_ball":2,"tacz:modern_kinetic_gun":3,"minecraft:diamond_boots":1,"minecraft:diamond_helmet":1,"minecraft:cobblestone":12},"minecraft:used":{"minecraft:spruce_wood":23,"minecraft:cobblestone":1,"minecraft:cooked_beef":2,"minecraft:milk_bucket":1,"minecraft:experience_bottle":219},"minecraft:killed":{"minecraft:sheep":1,"minecraft:skeleton":2,"minecraft:zombie":3,"minecraft:spider":2,"minecraft:bat":1},"minecraft:killed_by":{"minecraft:player":2}},"DataVersion":3465}